{
  "annotations": {
    "list": []
  },
  "editable": true,
  "gnetId": null,
  "graphTooltip": 0,
  "panels": [
    {
      "type": "timeseries",
      "title": "Recall Latency (p50/p95)",
      "targets": [
        {
          "expr": "histogram_quantile(0.5, sum(rate(recall_latency_seconds_bucket[5m])) by (le))"
        },
        {
          "expr": "histogram_quantile(0.95, sum(rate(recall_latency_seconds_bucket[5m])) by (le))"
        }
      ],
      "datasource": {
        "type": "prometheus",
        "uid": "prometheus"
      },
      "fieldConfig": {
        "overrides": [],
        "defaults": {}
      },
      "options": {}
    },
    {
      "type": "timeseries",
      "title": "Recall Throughput (RPS)",
      "targets": [
        {
          "expr": "sum(rate(recall_requests_total[5m]))"
        }
      ],
      "datasource": {
        "type": "prometheus",
        "uid": "prometheus"
      },
      "fieldConfig": {
        "overrides": [],
        "defaults": {}
      },
      "options": {}
    },
    {
      "type": "timeseries",
      "title": "Recall Errors (5xx)",
      "targets": [
        {
          "expr": "sum(rate(recall_requests_total{status=~\"5..\"}[5m]))"
        }
      ],
      "datasource": {
        "type": "prometheus",
        "uid": "prometheus"
      },
      "fieldConfig": {
        "overrides": [],
        "defaults": {}
      },
      "options": {}
    },
    {
      "type": "timeseries",
      "title": "Vector Index Size",
      "targets": [
        {
          "expr": "vector_store_index_size"
        }
      ],
      "datasource": {
        "type": "prometheus",
        "uid": "prometheus"
      },
      "fieldConfig": {
        "overrides": [],
        "defaults": {}
      },
      "options": {}
    }
  ],
  "schemaVersion": 36,
  "tags": [
    "mnemos",
    "mindweaver",
    "recall"
  ],
  "templating": {
    "list": []
  },
  "time": {
    "from": "now-6h",
    "to": "now"
  },
  "timezone": "",
  "title": "Mnemos/MindWeaver Recall Overview",
  "version": 1
}